id_producto,nombre_producto,rubro,id_rubro
12,Cepillo mango rojo,Herramientas manuales,0
890,Contadora de billetes GLOBAL,Seguridad y Comercio,1
10,Arco sierra junior,Herramientas manuales,0
11,Cepillo tipo dental 3pcs,Herramientas manuales,0
8,Alicate 6,Herramientas manuales,0
13,Chocla con tiza y nivel 15mts,Construcción y medición,2
14,Corta caño rueda 2,Fontanería,3
15,Corta candados y pernos,Herramientas manuales,0
16,Pincel 1,Pintura,4
17,"Pincel 1,5",Pintura,4
18,Pincel 2,Pintura,4
19,Pincel 3,Pintura,4
20,"Pincel 2,5",Pintura,4
21,Pincel 4,Pintura,4
22,Pincel 5,Pintura,4
23,Pincel 6,Pintura,4
24,Pinza 6,Herramientas manuales,0
25,Remachadora,Herramientas manuales,0
26,"Cable taller 2X1,5 100%COBRE",Electricidad,5
27,Pincel escolar x12 pcs,Pintura,4
28,Pinza porta electrodo 300AMP,Soldadura,6
29,Soldador estaño,Soldadura,6
30,Pinza masa 300AMP,Soldadura,6
31,Masa goma 300 gr,Soldadura,6
32,Nivel laser en caja,Construcción y medición,2
33,Canilla 1/2 metal,Fontanería,3
34,Canilla 3/4 metal,Fontanería,3
35,Canilla metal lavarropas,Fontanería,3
36,Caño de ducha 30 CM,Fontanería,3
37,Caño de ducha 35CM,Fontanería,3
38,Caño de ducha 35CM,Fontanería,3
39,Caño de ducha 50CM,Fontanería,3
40,Caño de ducha 35CM NEGRO,Fontanería,3
41,Caño de ducha 50CM NEGRO,Fontanería,3
42,Ducha cuadrada 15CM Cromada,Fontanería,3
43,Ducha cuadrada 20CM Cromada,Fontanería,3
44,Tijera corta caño,Fontanería,3
45,Tijera corta caño Grande,Fontanería,3
46,Set de correcion campana,Fontanería,3
47,Set de orring,Fijaciones y sellos,7
142,Set pesca completo ideal para chicos,Pesca,8
49,Sifon de goma simple,Fontanería,3
50,Sifon de goma doble,Fontanería,3
51,Sopapa 40,Fontanería,3
52,Sopapa 50,Fontanería,3
53,Sopapa desague oculto touch,Fontanería,3
54,Llave paso 1/2 metal,Fontanería,3
55,Llave paso 3/4 metal,Fontanería,3
56,Fijacion universal c/tornillo,Fijaciones y sellos,7
57,Fijacion universal c/rosca,Fijaciones y sellos,7
61,Rejilla click clack 12CM,Fontanería,3
60,Rejilla click clack 10CM,Fontanería,3
62,Rejilla click clack 15CM,Fontanería,3
63,Rejilla click clack 20CM,Fontanería,3
64,Roseta metalica para caño ducha,Fontanería,3
65,Acople rapido compresor x5,Herramientas neumáticas,9
66,Ajusta carga x4 unidades reforzada,Automotor,10
67,Ajusta carga simple,Automotor,10
68,Chaleco reflectivo (amarillo o verde),Seguridad y Comercio,1
69,Cinta remolque auto,Automotor,10
70,Linga moto,Automotor,10
71,Llave cruz auto,Automotor,10
72,Manometro con manguera,Herramientas de medición,11
73,Guante microfibra,Seguridad y protección,12
74,Sujeta cargas,Automotor,10
75,Saca bujia,Automotor,10
76,Luminaria publica E27 con brazo metalico iluminacion,Iluminación,13
77,Anafe para gas envasado DOBLE,Cocina y hogar,14
78,Anafe para gas envasado SIMPLE,Cocina y hogar,14
79,Banqueta pvc reforzada Zatecno,Construcción y medición,2
80,"Cable unipolar 1,5 mm eco",Electricidad,5
81,"Cable unipolar 1,5 mm 100%COBRE",Electricidad,5
82,"Cable unipolar 2,5 mm eco",Electricidad,5
83,Cable unipolar 4 mm eco,Electricidad,5
84,"Cable unipolar 2,5 mm 100%COBRE",Electricidad,5
85,Cable unipolar 4mm 100%COBRE,Electricidad,5
86,"Cable taller 2X2,5 100%COBRE",Electricidad,5
87,Cable taller 2X4 100%COBRE,Electricidad,5
88,"Cable taller 2x1,5 ECO",Electricidad,5
89,"Cable taller 2x2,5 ECO",Electricidad,5
90,Cable taller 2x4 ECO,Electricidad,5
91,Gas butano KOVEA,Herramientas y soldadura,15
92,Lampara vintage 15w luxom,Iluminación,13
201,Lampara alta potencia 20W LUXOM (sin stock)),Iluminación,13
94,Caja para termica 1-2,Electricidad,5
95,Caja para termica 2-4,Electricidad,5
96,Caja para termica 4-8,Electricidad,5
97,Caja para termica 8-12,Electricidad,5
98,Termica sica 10AMP,Electricidad,5
99,Termica sica 15AMP,Electricidad,5
100,Termica sica 20AMP,Electricidad,5
101,Termica sica 25AMP,Electricidad,5
102,Termica sica 32AMP,Electricidad,5
103,Termica sica 40AMP,Electricidad,5
104,Termica sica  63AMP,Electricidad,5
958,Silicona para Zingueria,Selladores y adhesivos,16
106,"Zapatilla Trefilcon NORMALIZADA 1,5MTS 4T",Electricidad,5
107,"Zapatilla Trefilcon NORMALIZADA 2,5MTS 4T",Electricidad,5
108,"Cable bipolar 2x1,5 ECO",Electricidad,5
109,"Cable bipolar 2x2,5 ECO",Electricidad,5
110,"Cable bipolar 2x1,5 100%COBRE",Electricidad,5
111,"Cable bipolar 2x2,5 100%COBRE",Electricidad,5
112,Caja herramientas LUSQTOFF Racing 150 pcs,Herramientas manuales,0
113,Caja de herramientas LUSQTOFF con cajones GRANDE 84PZS,Herramientas manuales,0
114,Caja de herramientas LUSQTOFF Plegable 64PCS,Herramientas manuales,0
115,Set LUSQTOFF RALLY 129PCS,Herramientas manuales,0
116,Bomba 1/2 Lusqtoff,Bombas y agua,17
117,Bomba 3/4 centrifuga LUSQTOFF,Bombas y agua,17
118,Bomba 1 HP centrifuga LUSQTOFF,Bombas y agua,17
119,Bomba presurizadora LUSQTOFF 2 BAÑOS,Bombas y agua,17
120,Bomba presurizadora LUSQTOFF 4 BAÑOS,Bombas y agua,17
121,Desmalezadora LUSQTOFF 52cc Semiprofesional,Jardinería,18
122,Compresor LUSQTOFF Auto 12V doble piston,Herramientas neumáticas,9
123,Tapa inodoro madera laqueada,Fontanería,3
124,Cinta pasacable LUSQTOFF 10M plastica,Electricidad,5
125,Cinta pasacable LUSQTOFF 7M plastica,Electricidad,5
126,Cinta pasacable LUSQTOFF 15M plastica,Electricidad,5
127,Cinta pasacable LUSQTOFF 7M Acero,Electricidad,5
128,Cinta pasacable LUSQTOFF 10M Acero,Electricidad,5
129,Cinta pasacable LUSQTOFF 15M Acero,Electricidad,5
130,Ventilador de  techo indeplas blanco con luz LED,Climatización,19
131,Automatico tanque LUSQTOFF Hermetico,Bombas y agua,17
132,Pistola de calor LUSQTOFF 1600w,Herramientas eléctricas,20
133,Rotomartillo lusqtoff 850W Percutor sin stock,Herramientas eléctricas,20
134,Taladro atornillador percutor inalambrico 2 baterias,Herramientas eléctricas,20
135,Termofusora LUSQTOFF 800W,Herramientas eléctricas,20
136,Espuma de poliuretano SILIMAXX 500ML,Selladores y adhesivos,16
137,Silicona en pomo acetica transparente SILIMAXX 85G,Selladores y adhesivos,16
138,Silicona en pomo acetica Blanca SILIMAXX 85G,Selladores y adhesivos,16
139,Silicona Alta temperatura (tipo fastix) SILIMAXX 85G,Selladores y adhesivos,16
140,"Zapatilla 1,5mts JOTAELE",Electricidad,5
141,Zapatilla 3mts JOTAELE,Electricidad,5
143,"Caña doble tramo 2,1mts",Pesca,8
144,"Caña doble tramo 3,1mts",Pesca,8
145,Reel Cromado sg500 sin stock,Pesca,8
146,Reel pesca sl200,Pesca,8
147,Set jardin x4 piezas,Jardinería,18
148,Regador de golpe automatico,Jardinería,18
149,Reflector o estaca solar 5w LUXOM,Iluminación,13
151,Disco de corte 115x1.6  Ackerman metal,Accesorios para herramientas,21
152,Fotocelula luxom,Iluminación,13
153,Motosierra LUXOM 52cc Nafta Sin stock,Herramientas eléctricas,20
154,Maquina pastas luxom,Cocina y hogar,14
155,Cinta aisladora 10Mts luxom,Electricidad,5
206,Reflector led 10w LUXOM,Iluminación,13
157,Buscapolo inductivo luxom,Electricidad,5
158,Pegamento instantaneo LUXOM,Selladores y adhesivos,16
159,Pegamento instantaneo LUXOM GEL,Selladores y adhesivos,16
960,Manguera de hidro 6mts reforzada,Jardinería y limpieza,22
161,Sellador de Poliuretano PU40 SILIMAX,Selladores y adhesivos,16
826,adaptador para rotopercutor,Accesorios para herramientas,21
163, Manguera de hidro 6mts economica,Jardinería y limpieza,22
164,Machete importado,Herramientas manuales,0
165,Pistola de hidro corta,Jardinería y limpieza,22
166,Carretel naranja,Jardinería y limpieza,22
167,Carretel negro con tuerca,Jardinería y limpieza,22
168,Acople p/manguera 1/2,Jardinería y limpieza,22
169,Acople p/manguera  1,Jardinería y limpieza,22
170,Tornillo de inodoro x100 unidades 80 NACIONAL,Fijaciones y sellos,7
171,Flexible metal 1/2x30cm XPAR,Fontanería,3
172,Flexible metal 1/2x40cm XPAR,Fontanería,3
173,Flexible metal 1/2x50cm XPAR,Fontanería,3
174,Pico repuesto de griferia,Fontanería,3
175,Columna ducha exterior black,Fontanería,3
176,Monocomando cisne,Fontanería,3
177,Picaporte pvc blanco,Cerrajería y seguridad,23
178,Picaporte pvc negro,Cerrajería y seguridad,23
179,Rejilla pvc reforzada,Construcción y medición,2
180,Ficha richi original macho,Electricidad,5
181,Ficha richi original hembra,Electricidad,5
182,Ficha simil richi hembra,Electricidad,5
183,Ficha simil richi macho,Electricidad,5
184,Ficha tipo kalop hembra,Electricidad,5
185,Ficha tipo kalop macho negro,Electricidad,5
186,Zapatilla 5mts JOTAELE,Electricidad,5
187,Zapatilla 10mts JOTAELE,Electricidad,5
188,Zapatilla sin cable con tecla JOTAELE,Electricidad,5
189,"Zapatilla JOTAELE 1,5 mts 6 tomas multinorma",Electricidad,5
190,Zapatilla JOTAELE 3 mts 6 tomas multinorma,Electricidad,5
191,Zapatilla JOTAELE 5 mts 6 tomas multinorma,Electricidad,5
192,"Alargue prolongador Jotaele 1,5mts tripolar",Electricidad,5
193,Alargue prolongador Jotaele 3mts tripolar,Electricidad,5
194,Alargue prolongador Jotaele 5mts tripolar,Electricidad,5
195,Alargue prolongador Jotaele 10mts tripolar,Electricidad,5
196,Portatil metalica 3mts C/Tecla Jotaele,Electricidad,5
197,Portatil metalica 5mts Con/Tecla Jotaele,Electricidad,5
198,Portatil metalica 10mts Con/Teclaa Jotaele,Electricidad,5
199,Sellarosca hidro 3 Chico,Selladores y adhesivos,16
989,Sellarosca cointube,Selladores y adhesivos,16
202,Lampara alta potencia 30W LUXOM (sin stock)),Iluminación,13
203,Lampara alta potencia 40w Luxom (sin stock),Iluminación,13
204,Lampara alta potencia 70w Luxom (sin stock)),Iluminación,13
205,Lampara alta potencia 80w Luxom,Iluminación,13
207,Reflector led 20w LUXOM,Iluminación,13
208,Reflector led 30w LUXOM,Iluminación,13
209,Reflector led 50w LUXOM,Iluminación,13
210,Reflector led 100w LUXOM,Iluminación,13
211,Termo litro LUSQTOFF,Cocina y hogar,14
212,Termo 750ml LUSQTOFF,Cocina y hogar,14
213,Vaso termico acero 430ml LUSQTOFF,Cocina y hogar,14
214,Termo mate 1 Litros LUXOM,Cocina y hogar,14
215,"Termo mate 1,3 Litros LUXOM",Cocina y hogar,14
216,Mate 300ml luxom,Cocina y hogar,14
217,Maquina de afeitar stark (simil gillette) LUXOM,Cuidado personal,24
218,Silicona pintable Luxom blanco para pegar molduras,Selladores y adhesivos,16
219,Guirnalda decorativa 10 MTS,Iluminación,13
220,Tubo led 9W Fria SICA,Iluminación,13
221,Tubo led 18W Fria LUXOM,Iluminación,13
222,Tortuga pvc,Iluminación,13
223,Caño fusion 20 ECOAGUA,Fontanería,3
224,Caño fusion 25 ECOAGUA,Fontanería,3
225,Caño fusion 32 ECOAGUA,Fontanería,3
226,Codo fusion 20,Fontanería,3
227,Codo fusion 25,Fontanería,3
228,Codo fusion 32,Fontanería,3
229,Codo fusion reduccion 25x20,Fontanería,3
230,Codo fusion reduccion 32x20,Fontanería,3
231,Codo fusion reduccion 32x25,Fontanería,3
232,Cupla fusion reducion 25x20,Fontanería,3
233,Cupla fusion reduccion 32x20,Fontanería,3
234,Cupla fusion reduccion 32x25,Fontanería,3
235,Teee fusion 20,Fontanería,3
236,Teee fusion 25,Fontanería,3
237,Teee fusion 32,Fontanería,3
238,Tee fusion reduccion 25x20,Fontanería,3
239,Tee fusion reduccion 32x20,Fontanería,3
240,Tee fusion reduccion 32x25,Fontanería,3
241,Tapa fusion 20,Fontanería,3
242,Tapa fusion 25,Fontanería,3
243,Tapa fusion 32,Fontanería,3
244,sobrepaso fusion 20,Fontanería,3
245,sobrepaso fusion 25,Fontanería,3
246,sobrepaso fusion 32,Fontanería,3
247,union doble 20 fusion,Fontanería,3
248,union doble 25 fusion,Fontanería,3
249,union doble 32 fusion,Fontanería,3
250,llave campana 1/2 fusion,Fontanería,3
251,llave campana 3/4 fusion,Fontanería,3
252,codo macho 20x1/2 fusion,Fontanería,3
253,codo macho 25 x1/2 fusion,Fontanería,3
254,codo macho 20x 3/4 fusion,Fontanería,3
255,codo macho 32 x 1 fusion,Fontanería,3
256,cupla 20 x 1/2 macho,Fontanería,3
257,cupla 25 x 3/4 macho,Fontanería,3
258,cupla 32 x 1 macho,Fontanería,3
259,cupla 25 x 1/2 macho,Fontanería,3
260,cupla 20 x 3/4 macho,Fontanería,3
261,tee 20 x 1/2 macho,Fontanería,3
262,tee 25 x 1/2 macho fusion,Fontanería,3
263,tee 25 x 3/4 macho fusion,Fontanería,3
264,tee 32 x 1 macho fusion,Fontanería,3
265,llave esferica 20mm fusion,Fontanería,3
266,llave esferica 25mm fusion,Fontanería,3
267,llave esferica 32mm fusion,Fontanería,3
268,codo hembra 20 x 1/2 fusion,Fontanería,3
269,codo hembra 25 x 1/2 fusion,Fontanería,3
270,codo hembra 25 x 3/4 fusion,Fontanería,3
271,codo hembra 32 x 1/2 fusion,Fontanería,3
272,codo hembra 32 x 1 fusion,Fontanería,3
273,codo hembra 32 x 3/4 fusion,Fontanería,3
274,cupla hembra 20x3/8,Fontanería,3
275,cupla hembra 20x1/2,Fontanería,3
276,cupla hembra 20x3/4 fusion,Fontanería,3
277,cupla hembra 25 x3/4 fusion,Fontanería,3
278,cupla hembra 32x3/4 fusion,Fontanería,3
279,cupla hembra 32x1 fabio,Fontanería,3
280,tee hembra 20x1/2 fusion,Fontanería,3
281,tee hembra 25x3/4 fusion,Fontanería,3
282,tee hembra 25x1/2 fusion,Fontanería,3
283,tee hembra 32x1/2 fusion,Fontanería,3
284,tee hembra 32x3/4 fusion,Fontanería,3
285,tee hembra 32x1 fusion,Fontanería,3
286,grasa de litio 100g,Lubricantes y mantenimiento,25
287,grasa de litio 250g,Lubricantes y mantenimiento,25
288,grasa de rodamiento 100g,Lubricantes y mantenimiento,25
289,grasa grafitada 100g,Lubricantes y mantenimiento,25
290,aceitera multiuso,Lubricantes y mantenimiento,25
291,deslizante para caños 440ml,Lubricantes y mantenimiento,25
292,Teflon 1/2 x 10m LUXOM,Selladores y adhesivos,16
293,Teflon 3/4x 10m LUXOM,Selladores y adhesivos,16
294,adhesivo pvc 60 ml,Selladores y adhesivos,16
296,crema adhesiva epoxi blanca 150g,Selladores y adhesivos,16
297,Portalampara 3pz negro,Electricidad,5
298,Portalampara 3pz blanco,Electricidad,5
299,Portalampara  blanco recto,Electricidad,5
300,resistencia bronce,Repuestos y componentes,26
301,Resistencia bronce riñon,Repuestos y componentes,26
302,resistencia aluminio,Repuestos y componentes,26
303,disyuntor 25amp,Electricidad,5
304,disyuntor 40amp,Electricidad,5
305,sin stock disyuntor 63amp,Electricidad,5
306,Silicona acetica luxom TRANSPARENTE,Selladores y adhesivos,16
1011,Silicona acetica negra silimaxx,Selladores y adhesivos,16
1009,Silicona acetica transparente silimaxx,Selladores y adhesivos,16
309,silicona NEUTRA transparente silimaxx,Selladores y adhesivos,16
310,silicona NEUTRA blanca silimaxx,Selladores y adhesivos,16
312,acido muriatico 5lt,Químicos y limpieza,27
313,Soda caustica kilo,Químicos y limpieza,27
853,Mezcladora mesada Nacional,Fontanería,3
315,filtro albañil 25cm,Construcción y medición,2
316,Estufa 1200w doble,Climatización,19
545,Criquet carrito GAMMA 2T,Herramientas manuales,0
546,Llave mandril 13mm blister,Herramientas manuales,0
319,electrodo sideral 2mm,Soldadura,6
320,"electrodo sideral 2,5mm",Soldadura,6
321,"electrodo sinderal 3,25mm",Soldadura,6
322,Cinta embalaje marron o transparente,Embalaje y envío,28
741,Llave alem,Herramientas manuales,0
325,tender con alas 7 varillas,Cocina y hogar,14
326,tender con alas reforzado 10 varillas,Cocina y hogar,14
327,secaplatos,Cocina y hogar,14
328,verdulero,Cocina y hogar,14
458,Pelota de futbol,Deportes y recreación,29
330,"cable trefilcon normalizado 1,5mm UNIPOLAR",Electricidad,5
331,"cable trefilcon normalizado 2,5mm UNIPOLAR",Electricidad,5
332,cable trefilcon normalizado 4mm UNIPOLAR,Electricidad,5
333,cable trefilcon normalizado 6mm UNIPOLAR,Electricidad,5
334,Caja de chapa rectangular,Electricidad,5
335,calefon marsico reforzado,Climatización,19
336,calefon marsico economico,Climatización,19
337,Caño corrugado naranja 3/4,Electricidad,5
338,Caño corrugado naranja 7/8,Electricidad,5
339,Caño corrugado naranja 1,Electricidad,5
340,Caño corrugado blanco 3/4,Electricidad,5
341,Caño corrugado blanco 7/8,Electricidad,5
342,Caño corrugado blanco 1,Electricidad,5
343,luz de emergencia candela,Iluminación,13
344,Soporte de TV fijo 26-63,Electrónica y TV,30
864,Tapa de inodoro reforzada,Fontanería,3
346,Lampara candela 9 W,Iluminación,13
347,Lampara candela 12 W,Iluminación,13
348,Lampara candela 15 W,Iluminación,13
349,Lampara alta potencia 20W candela,Iluminación,13
350,Lampara alta potencia 30W candela,Iluminación,13
351,Lampara alta potencia 40w candela,Iluminación,13
352,Lampara alta potencia 50w candela,Iluminación,13
353,sin stock Reflector led 10w candela,Iluminación,13
354,sin stock Reflector led 20w candela,Iluminación,13
355,sin stock Reflector led 30w candela,Iluminación,13
356,sin stock Reflector led 50w candela,Iluminación,13
357,sin stockReflector led 100w candela,Iluminación,13
358,timbre inalambrico candela,Seguridad y Comercio,1
359,encendedor candela,Herramientas y soldadura,15
360,encendedor chispero candela,Herramientas y soldadura,15
361,timbre inalambrico luxom sin stock,Seguridad y Comercio,1
362,cinta aisladora tacsa 10mts,Electricidad,5
363,cinta aisladora tacsa 20mts,Electricidad,5
364,reflector kiar 10w,Iluminación,13
365,reflector kiar 20w,Iluminación,13
366,reflector kiar 30w,Iluminación,13
367,reflector kiar 50w,Iluminación,13
368,reflector kiar 100w,Iluminación,13
369,reflector kiar 200w,Iluminación,13
370,plafones embutir 24w  redondo/cuadrado,Iluminación,13
371,plafon exterior resilente 12w,Iluminación,13
372,plafon exterior resilente 18w,Iluminación,13
373,plafon exterior resilente 24w,Iluminación,13
374,plafon exterior resilente 36w,Iluminación,13
544,Lubricante multiuso HD440 GRANDE,Lubricantes y mantenimiento,25
543,"Juego de 5 mechas widia para pared (4,5,6,8,10)",Accesorios para herramientas,21
377,pistola silicona electrica 10w candela,Herramientas eléctricas,20
378,barra de silicona candela 11mm x 30cm,Selladores y adhesivos,16
379,barra de silicona candela 7mm x 30cm,Selladores y adhesivos,16
380,Resistencia peine lorenzetti,Repuestos y componentes,26
428,rejilla metal 10x10,Construcción y medición,2
383,Bastidor doble toma luxom,Electricidad,5
384,sellador poliuretanico silimax,Selladores y adhesivos,16
872,Picoloro Importada,Herramientas manuales,0
386,lampara anti insectos luxom,Iluminación,13
387,bota de trabajo pro force,Seguridad y protección,12
388,cortadora de cesped 1700w luxom,Jardinería,18
389,mecha acero rapido metal 6mm xblister(cada blister trae 10),Accesorios para herramientas,21
390,mecha acero rapido metal 8mmx blister (cada blister trae 5),Accesorios para herramientas,21
391,mecha acero rapido metal 10mm x blister (cada blister trae 5),Accesorios para herramientas,21
828,Cinta doble faz 24mm luxom,Selladores y adhesivos,16
393,traca traca ajusta carga x4,Automotor,10
394,Canilla pvc reforzada 1/2 FAPLAS,Fontanería,3
395,Canilla pvc reforzada 3/4 FAPLAS,Fontanería,3
396,buscapolo  145mm,Electricidad,5
397,buscapolo  210mm,Electricidad,5
398,Set de pesca,Pesca,8
399,mangera negra k4 dosos 1/2,Jardinería y limpieza,22
400,mangera negra k4 dosos 3/4,Jardinería y limpieza,22
401,mangera negra k4 dosos 1,Jardinería y limpieza,22
402,bolsa de escombro,Limpieza,31
403,aguarras jp,Pintura,4
404,Thinner,Pintura,4
405,kerosene,Combustibles y lubricantes,32
406,disco flap 40-60-120,Accesorios para herramientas,21
407,"disco diamantado continuos 4,5"",Accesorios para herramientas",,-1
408,disco diamantado continuos 7,Accesorios para herramientas,21
409,"disco diamantado segmentado 4,5"",Accesorios para herramientas",,-1
410,disco diamantado segmentado 7,Accesorios para herramientas,21
411,disco diamantado segmentado 9,Accesorios para herramientas,21
412,"disco diamantado turbo 4,5"",Accesorios para herramientas",,-1
413,disco diamantado turbo 7,Accesorios para herramientas,21
414,disco diamantado turbo 9,Accesorios para herramientas,21
415,Disco TRF ALIAFOR Ultrafino,Accesorios para herramientas,21
416,Termostato set completo,Repuestos y componentes,26
417,Disco tyrolit Secur 115x1.0,Accesorios para herramientas,21
418,Disco tyrolit Secur 115x1.6,Accesorios para herramientas,21
419,"Disco Tyrolit Secur debaste 115x4,5"",Accesorios para herramientas",,-1
420,Disco tyrolit Secur 7 pulgadas,Accesorios para herramientas,21
421,Disco Tyrolit Secur 9 pulgadas,Accesorios para herramientas,21
422,"Cable taller 2X1,5MM normalizado TREFILCON",Electricidad,5
423,"Cable taller 2X2,5MM normalizado TREFILCON",Electricidad,5
424,Guirnalda Normalizada TREFILCON 10mts con 15 portalamparas IP65,Iluminación,13
425, Disco bosch 115x1.2 metal ORIGINAL,Accesorios para herramientas,21
426,Camara de de inspección waterplast kit,Fontanería,3
427,Camara desengrasadora waterplast kit,Fontanería,3
429,Disco sin par,Accesorios para herramientas,21
430,Discos turbo diamantados 115mm,Accesorios para herramientas,21
431,Disco segmentado diamantado 115mm,Accesorios para herramientas,21
432,Disco continuo diamantado 115mm,Accesorios para herramientas,21
433,disco turbo y liso diamantado 7 180mm,Accesorios para herramientas,21
434,discos para madera 115mm,Accesorios para herramientas,21
435,disco para madera 180mm,Accesorios para herramientas,21
436,cinta doble faz,Selladores y adhesivos,16
886,Aplicadora silicona esqueleto,Herramientas manuales,0
577,Linga de  moto cadena con candado perno,Automotor,10
439,Mecha pala para madera,Accesorios para herramientas,21
440,Pega rata (sin stock),Control de plagas,33
441,tapon de termo 750ml,Repuestos y componentes,26
442,"Precinto 100x2,5",Fijaciones y sellos,7
443,tapon de termo 1l,Repuestos y componentes,26
444,"Precinto 150x3,6",Fijaciones y sellos,7
445,tapon termo tipo stanley,Repuestos y componentes,26
446,Balanza cocina,Cocina y hogar,14
447,Buscapolo,Electricidad,5
448,lapiz soldador,Soldadura,6
449,inflador nacional de mano simple,Automotor,10
450,inflador nacional de pie,Automotor,10
451,"Precinto 200x4,6",Fijaciones y sellos,7
452,"Precinto 250x4,6",Fijaciones y sellos,7
453,"Precinto 350x4,6",Fijaciones y sellos,7
454,"Precinto 400x4,6",Fijaciones y sellos,7
455,Agrimensor 30mts,Construcción y medición,2
456,"Piton para moto 1,20mts",Automotor,10
457,Portalampara e27 con ficha y tecla,Electricidad,5
459,Calculadora 12 digitos grande,Oficina,34
912,Disco bosch 115x1.6,Accesorios para herramientas,21
620,Lampara alta potencia 100w Luxom,Iluminación,13
463,Lampara luxom 9w,Iluminación,13
464,Lampara luxom 7w,Iluminación,13
465,Lampara luxom 13w,Iluminación,13
466,Lampara luxom 15w,Iluminación,13
467,Cabeza de regulador gas,Repuestos y componentes,26
469,kit partche fibra 250,Repuestos y componentes,26
470,kit partche fibra 500,Repuestos y componentes,26
471,alargue para calefon 2m JOTAELE,Electricidad,5
472,alargue para calefon 3m JOTAELE,Electricidad,5
473,ficha para calefon,Electricidad,5
474,jeluz verona punto,Iluminación,13
959,Manguera de hidro 3mts reforzada,Jardinería y limpieza,22
476,jeluz verona tapa,Iluminación,13
885,Broca conica diamantada 9-38mm,Accesorios para herramientas,21
884,Mini disco diamantado para taladro,Accesorios para herramientas,21
480,jeluz verona modulo bastidor,Iluminación,13
481,cinta tramada durlok 50mmx20ms,Construcción y medición,2
482,cinta tramada durlok 50mmx45ms,Construcción y medición,2
483,soporte de tv fijo 14-42,Electrónica y TV,30
484,Soporte de TV movil doble brazo 14-55,Electrónica y TV,30
485,estaño  50 blister,Soldadura,6
825,hidrolavadora  inalambrica,Jardinería y limpieza,22
487,guante moteado,Seguridad y protección,12
488,pala forjada gherardi,Jardinería,18
489,protector de tension,Electricidad,5
490,calentador de agua calorito,Climatización,19
491,anteojos de seguridad filtro uv,Seguridad y protección,12
492,faja lumbar pampero,Seguridad y protección,12
493,guante de carnaza,Seguridad y protección,12
494,guante de latex,Seguridad y protección,12
495,guante de nitrilo,Seguridad y protección,12
496,guante de pvc,Seguridad y protección,12
497,guante descartable,Seguridad y protección,12
498,guante tela,Seguridad y protección,12
499,mascara soldar,Soldadura,6
500,mascara soldar electronica,Soldadura,6
501,mascara soldar electronica solar,Soldadura,6
502,protector auditivo copa,Seguridad y protección,12
503,protector auditivo tipo auricular,Seguridad y protección,12
504,respirador descartable,Seguridad y protección,12
505,respirador reutilizable,Seguridad y protección,12
506,rodillera,Seguridad y protección,12
507,zapato de seguridad,Seguridad y protección,12
508,alicate electrico 8,Herramientas manuales,0
509,alicate electrico 6,Herramientas manuales,0
510,alicate electrico 10,Herramientas manuales,0
511,alicate pico loro 10,Herramientas manuales,0
512,alicate pico loro 8,Herramientas manuales,0
513,alicate pico loro 6,Herramientas manuales,0
514,alicate universal 8,Herramientas manuales,0
515,alicate universal 6,Herramientas manuales,0
516,alicate universal 10,Herramientas manuales,0
517,alicate universal 12,Herramientas manuales,0
518,arco sierra,Herramientas manuales,0
519,arco sierra junior,Herramientas manuales,0
520,cepillo madera,Herramientas manuales,0
521,cepillo madera 3pcs,Herramientas manuales,0
522,cepillo madera 5pcs,Herramientas manuales,0
523,cepillo madera 7pcs,Herramientas manuales,0
524,cepillo madera 9pcs,Herramientas manuales,0
525,cepillo madera 11pcs,Herramientas manuales,0
526,cepillo madera 13pcs,Herramientas manuales,0
527,cepillo madera 15pcs,Herramientas manuales,0
528,cepillo madera 17pcs,Herramientas manuales,0
529,cepillo madera 19pcs,Herramientas manuales,0
530,cepillo madera 21pcs,Herramientas manuales,0
531,cepillo madera 23pcs,Herramientas manuales,0
532,cepillo madera 25pcs,Herramientas manuales,0
533,cepillo madera 27pcs,Herramientas manuales,0
534,cepillo madera 29pcs,Herramientas manuales,0
535,cepillo madera 31pcs,Herramientas manuales,0
536,cepillo madera 33pcs,Herramientas manuales,0
537,cepillo madera 35pcs,Herramientas manuales,0
538,cepillo madera 37pcs,Herramientas manuales,0
539,cepillo madera 39pcs,Herramientas manuales,0
540,cepillo madera 41pcs,Herramientas manuales,0
541,cepillo madera 43pcs,Herramientas manuales,0
542,cepillo madera 45pcs,Herramientas manuales,0
547,llave mandril 10mm blister,Herramientas manuales,0
548,llave mandril 13mm blister,Herramientas manuales,0
549,llave mandril 16mm blister,Herramientas manuales,0
550,llave mandril 19mm blister,Herramientas manuales,0
551,llave mandril 22mm blister,Herramientas manuales,0
552,llave mandril 25mm blister,Herramientas manuales,0
553,llave mandril 28mm blister,Herramientas manuales,0
554,llave mandril 30mm blister,Herramientas manuales,0
555,llave mandril 32mm blister,Herramientas manuales,0
556,llave mandril 36mm blister,Herramientas manuales,0
557,llave mandril 38mm blister,Herramientas manuales,0
558,llave mandril 41mm blister,Herramientas manuales,0
559,llave mandril 46mm blister,Herramientas manuales,0
560,llave mandril 50mm blister,Herramientas manuales,0
561,llave mandril 55mm blister,Herramientas manuales,0
562,llave mandril 60mm blister,Herramientas manuales,0
563,llave mandril 65mm blister,Herramientas manuales,0
564,llave mandril 70mm blister,Herramientas manuales,0
565,llave mandril 75mm blister,Herramientas manuales,0
566,llave mandril 80mm blister,Herramientas manuales,0
567,llave mandril 85mm blister,Herramientas manuales,0
568,llave mandril 90mm blister,Herramientas manuales,0
569,llave mandril 95mm blister,Herramientas manuales,0
570,llave mandril 100mm blister,Herramientas manuales,0
571,llave mandril 105mm blister,Herramientas manuales,0
572,llave mandril 110mm blister,Herramientas manuales,0
573,llave mandril 115mm blister,Herramientas manuales,0
574,llave mandril 120mm blister,Herramientas manuales,0
575,llave mandril 130mm blister,Herramientas manuales,0
576,llave mandril 140mm blister,Herramientas manuales,0
578,llave tubo 10mm,Herramientas manuales,0
579,llave tubo 11mm,Herramientas manuales,0
580,llave tubo 12mm,Herramientas manuales,0
581,llave tubo 13mm,Herramientas manuales,0
582,llave tubo 14mm,Herramientas manuales,0
583,llave tubo 15mm,Herramientas manuales,0
584,llave tubo 16mm,Herramientas manuales,0
585,llave tubo 17mm,Herramientas manuales,0
586,llave tubo 18mm,Herramientas manuales,0
587,llave tubo 19mm,Herramientas manuales,0
588,llave tubo 20mm,Herramientas manuales,0
589,llave tubo 21mm,Herramientas manuales,0
590,llave tubo 22mm,Herramientas manuales,0
591,llave tubo 23mm,Herramientas manuales,0
592,llave tubo 24mm,Herramientas manuales,0
593,llave tubo 25mm,Herramientas manuales,0
594,llave tubo 26mm,Herramientas manuales,0
595,llave tubo 27mm,Herramientas manuales,0
596,llave tubo 28mm,Herramientas manuales,0
597,llave tubo 29mm,Herramientas manuales,0
598,llave tubo 30mm,Herramientas manuales,0
599,llave tubo 31mm,Herramientas manuales,0
600,llave tubo 32mm,Herramientas manuales,0
601,llave tubo 34mm,Herramientas manuales,0
602,llave tubo 36mm,Herramientas manuales,0
603,llave tubo 38mm,Herramientas manuales,0
604,llave tubo 40mm,Herramientas manuales,0
605,llave tubo 41mm,Herramientas manuales,0
606,llave tubo 42mm,Herramientas manuales,0
607,llave tubo 45mm,Herramientas manuales,0
608,llave tubo 46mm,Herramientas manuales,0
609,llave tubo 48mm,Herramientas manuales,0
610,llave tubo 50mm,Herramientas manuales,0
611,llave tubo 55mm,Herramientas manuales,0
612,llave tubo 60mm,Herramientas manuales,0
613,llave tubo 65mm,Herramientas manuales,0
614,llave tubo 70mm,Herramientas manuales,0
615,llave tubo 75mm,Herramientas manuales,0
616,llave tubo 80mm,Herramientas manuales,0
617,llave tubo 85mm,Herramientas manuales,0
618,llave tubo 90mm,Herramientas manuales,0
619,llave tubo 95mm,Herramientas manuales,0
621,llave tubo 100mm,Herramientas manuales,0
622,llave tubo 105mm,Herramientas manuales,0
623,llave tubo 110mm,Herramientas manuales,0
624,llave tubo 115mm,Herramientas manuales,0
625,llave tubo 120mm,Herramientas manuales,0
626,llave tubo 125mm,Herramientas manuales,0
627,llave tubo 130mm,Herramientas manuales,0
628,llave tubo 135mm,Herramientas manuales,0
629,llave tubo 140mm,Herramientas manuales,0
630,llave tubo 145mm,Herramientas manuales,0
631,llave tubo 150mm,Herramientas manuales,0
632,llave tubo 155mm,Herramientas manuales,0
633,llave tubo 160mm,Herramientas manuales,0
634,llave tubo 165mm,Herramientas manuales,0
635,llave tubo 170mm,Herramientas manuales,0
636,llave tubo 175mm,Herramientas manuales,0
637,llave tubo 180mm,Herramientas manuales,0
638,llave tubo 185mm,Herramientas manuales,0
639,llave tubo 190mm,Herramientas manuales,0
640,llave tubo 195mm,Herramientas manuales,0
641,llave tubo 200mm,Herramientas manuales,0
642,llave tubo 210mm,Herramientas manuales,0
643,llave tubo 220mm,Herramientas manuales,0
644,llave tubo 230mm,Herramientas manuales,0
645,llave tubo 240mm,Herramientas manuales,0
646,llave tubo 250mm,Herramientas manuales,0
647,llave tubo 260mm,Herramientas manuales,0
648,llave tubo 270mm,Herramientas manuales,0
649,llave tubo 280mm,Herramientas manuales,0
650,llave tubo 290mm,Herramientas manuales,0
651,llave tubo 300mm,Herramientas manuales,0
652,llave tubo 310mm,Herramientas manuales,0
653,llave tubo 320mm,Herramientas manuales,0
654,llave tubo 330mm,Herramientas manuales,0
655,llave tubo 340mm,Herramientas manuales,0
656,llave tubo 350mm,Herramientas manuales,0
657,llave tubo 360mm,Herramientas manuales,0
658,llave tubo 370mm,Herramientas manuales,0
659,llave tubo 380mm,Herramientas manuales,0
660,llave tubo 390mm,Herramientas manuales,0
661,llave tubo 400mm,Herramientas manuales,0
662,llave tubo 410mm,Herramientas manuales,0
663,llave tubo 420mm,Herramientas manuales,0
664,llave tubo 430mm,Herramientas manuales,0
665,llave tubo 440mm,Herramientas manuales,0
666,llave tubo 450mm,Herramientas manuales,0
667,llave tubo 460mm,Herramientas manuales,0
668,llave tubo 470mm,Herramientas manuales,0
669,llave tubo 480mm,Herramientas manuales,0
670,llave tubo 490mm,Herramientas manuales,0
671,llave tubo 500mm,Herramientas manuales,0
672,llave tubo 510mm,Herramientas manuales,0
673,llave tubo 520mm,Herramientas manuales,0
674,llave tubo 530mm,Herramientas manuales,0
675,llave tubo 540mm,Herramientas manuales,0
676,llave tubo 550mm,Herramientas manuales,0
677,llave tubo 560mm,Herramientas manuales,0
678,llave tubo 570mm,Herramientas manuales,0
679,llave tubo 580mm,Herramientas manuales,0
680,llave tubo 590mm,Herramientas manuales,0
681,llave tubo 600mm,Herramientas manuales,0
682,llave tubo 610mm,Herramientas manuales,0
683,llave tubo 620mm,Herramientas manuales,0
684,llave tubo 630mm,Herramientas manuales,0
685,llave tubo 640mm,Herramientas manuales,0
686,llave tubo 650mm,Herramientas manuales,0
687,llave tubo 660mm,Herramientas manuales,0
688,llave tubo 670mm,Herramientas manuales,0
689,llave tubo 680mm,Herramientas manuales,0
690,llave tubo 690mm,Herramientas manuales,0
691,llave tubo 700mm,Herramientas manuales,0
692,llave tubo 710mm,Herramientas manuales,0
693,llave tubo 720mm,Herramientas manuales,0
694,llave tubo 730mm,Herramientas manuales,0
695,llave tubo 740mm,Herramientas manuales,0
696,llave tubo 750mm,Herramientas manuales,0
697,llave tubo 760mm,Herramientas manuales,0
698,llave tubo 770mm,Herramientas manuales,0
699,llave tubo 780mm,Herramientas manuales,0
700,llave tubo 790mm,Herramientas manuales,0
701,llave tubo 800mm,Herramientas manuales,0
702,llave tubo 810mm,Herramientas manuales,0
703,llave tubo 820mm,Herramientas manuales,0
704,llave tubo 830mm,Herramientas manuales,0
705,llave tubo 840mm,Herramientas manuales,0
706,llave tubo 850mm,Herramientas manuales,0
707,llave tubo 860mm,Herramientas manuales,0
708,llave tubo 870mm,Herramientas manuales,0
709,llave tubo 880mm,Herramientas manuales,0
710,llave tubo 890mm,Herramientas manuales,0
711,llave tubo 900mm,Herramientas manuales,0
712,llave tubo 910mm,Herramientas manuales,0
713,llave tubo 920mm,Herramientas manuales,0
714,llave tubo 930mm,Herramientas manuales,0
715,llave tubo 940mm,Herramientas manuales,0
716,llave tubo 950mm,Herramientas manuales,0
717,llave tubo 960mm,Herramientas manuales,0
718,llave tubo 970mm,Herramientas manuales,0
719,llave tubo 980mm,Herramientas manuales,0
720,llave tubo 990mm,Herramientas manuales,0
721,llave tubo 1000mm,Herramientas manuales,0
722,llave tubo 1010mm,Herramientas manuales,0
723,llave tubo 1020mm,Herramientas manuales,0
724,llave tubo 1030mm,Herramientas manuales,0
725,llave tubo 1040mm,Herramientas manuales,0
726,llave tubo 1050mm,Herramientas manuales,0
727,llave tubo 1060mm,Herramientas manuales,0
728,llave tubo 1070mm,Herramientas manuales,0
729,llave tubo 1080mm,Herramientas manuales,0
730,llave tubo 1090mm,Herramientas manuales,0
731,llave tubo 1100mm,Herramientas manuales,0
732,llave tubo 1110mm,Herramientas manuales,0
733,llave tubo 1120mm,Herramientas manuales,0
734,llave tubo 1130mm,Herramientas manuales,0
735,llave tubo 1140mm,Herramientas manuales,0
736,llave tubo 1150mm,Herramientas manuales,0
737,llave tubo 1160mm,Herramientas manuales,0
738,llave tubo 1170mm,Herramientas manuales,0
739,llave tubo 1180mm,Herramientas manuales,0
740,llave tubo 1190mm,Herramientas manuales,0
742,llave tubo 1200mm,Herramientas manuales,0
743,llave tubo 1210mm,Herramientas manuales,0
744,llave tubo 1220mm,Herramientas manuales,0
745,llave tubo 1230mm,Herramientas manuales,0
746,llave tubo 1240mm,Herramientas manuales,0
747,llave tubo 1250mm,Herramientas manuales,0
748,llave tubo 1260mm,Herramientas manuales,0
749,llave tubo 1270mm,Herramientas manuales,0
750,llave tubo 1280mm,Herramientas manuales,0
751,llave tubo 1290mm,Herramientas manuales,0
752,llave tubo 1300mm,Herramientas manuales,0
753,llave tubo 1310mm,Herramientas manuales,0
754,llave tubo 1320mm,Herramientas manuales,0
755,llave tubo 1330mm,Herramientas manuales,0
756,llave tubo 1340mm,Herramientas manuales,0
757,llave tubo 1350mm,Herramientas manuales,0
758,llave tubo 1360mm,Herramientas manuales,0
759,llave tubo 1370mm,Herramientas manuales,0
760,llave tubo 1380mm,Herramientas manuales,0
761,llave tubo 1390mm,Herramientas manuales,0
762,llave tubo 1400mm,Herramientas manuales,0
763,llave tubo 1410mm,Herramientas manuales,0
764,llave tubo 1420mm,Herramientas manuales,0
765,llave tubo 1430mm,Herramientas manuales,0
766,llave tubo 1440mm,Herramientas manuales,0
767,llave tubo 1450mm,Herramientas manuales,0
768,llave tubo 1460mm,Herramientas manuales,0
769,llave tubo 1470mm,Herramientas manuales,0
770,llave tubo 1480mm,Herramientas manuales,0
771,llave tubo 1490mm,Herramientas manuales,0
772,llave tubo 1500mm,Herramientas manuales,0
773,llave tubo 1510mm,Herramientas manuales,0
774,llave tubo 1520mm,Herramientas manuales,0
775,llave tubo 1530mm,Herramientas manuales,0
776,llave tubo 1540mm,Herramientas manuales,0
777,llave tubo 1550mm,Herramientas manuales,0
778,llave tubo 1560mm,Herramientas manuales,0
779,llave tubo 1570mm,Herramientas manuales,0
780,llave tubo 1580mm,Herramientas manuales,0
781,llave tubo 1590mm,Herramientas manuales,0
782,llave tubo 1600mm,Herramientas manuales,0
783,llave tubo 1610mm,Herramientas manuales,0
784,llave tubo 1620mm,Herramientas manuales,0
785,llave tubo 1630mm,Herramientas manuales,0
786,llave tubo 1640mm,Herramientas manuales,0
787,llave tubo 1650mm,Herramientas manuales,0
788,llave tubo 1660mm,Herramientas manuales,0
789,llave tubo 1670mm,Herramientas manuales,0
790,llave tubo 1680mm,Herramientas manuales,0
791,llave tubo 1690mm,Herramientas manuales,0
792,llave tubo 1700mm,Herramientas manuales,0
793,llave tubo 1710mm,Herramientas manuales,0
794,llave tubo 1720mm,Herramientas manuales,0
795,llave tubo 1730mm,Herramientas manuales,0
796,llave tubo 1740mm,Herramientas manuales,0
797,llave tubo 1750mm,Herramientas manuales,0
798,llave tubo 1760mm,Herramientas manuales,0
799,llave tubo 1770mm,Herramientas manuales,0
800,llave tubo 1780mm,Herramientas manuales,0
801,llave tubo 1790mm,Herramientas manuales,0
802,llave tubo 1800mm,Herramientas manuales,0
803,llave tubo 1810mm,Herramientas manuales,0
804,llave tubo 1820mm,Herramientas manuales,0
805,llave tubo 1830mm,Herramientas manuales,0
806,llave tubo 1840mm,Herramientas manuales,0
807,llave tubo 1850mm,Herramientas manuales,0
808,llave tubo 1860mm,Herramientas manuales,0
809,llave tubo 1870mm,Herramientas manuales,0
810,llave tubo 1880mm,Herramientas manuales,0
811,llave tubo 1890mm,Herramientas manuales,0
812,llave tubo 1900mm,Herramientas manuales,0
813,llave tubo 1910mm,Herramientas manuales,0
814,llave tubo 1920mm,Herramientas manuales,0
815,llave tubo 1930mm,Herramientas manuales,0
816,llave tubo 1940mm,Herramientas manuales,0
817,llave tubo 1950mm,Herramientas manuales,0
818,llave tubo 1960mm,Herramientas manuales,0
819,llave tubo 1970mm,Herramientas manuales,0
820,llave tubo 1980mm,Herramientas manuales,0
821,llave tubo 1990mm,Herramientas manuales,0
822,llave tubo 2000mm,Herramientas manuales,0
823,llave tubo 2010mm,Herramientas manuales,0
824,llave tubo 2020mm,Herramientas manuales,0
827,llave tubo 2030mm,Herramientas manuales,0
829,llave tubo 2040mm,Herramientas manuales,0
830,llave tubo 2050mm,Herramientas manuales,0
831,llave tubo 2060mm,Herramientas manuales,0
832,llave tubo 2070mm,Herramientas manuales,0
833,llave tubo 2080mm,Herramientas manuales,0
834,llave tubo 2090mm,Herramientas manuales,0
835,llave tubo 2100mm,Herramientas manuales,0
836,llave tubo 2110mm,Herramientas manuales,0
837,llave tubo 2120mm,Herramientas manuales,0
838,llave tubo 2130mm,Herramientas manuales,0
839,llave tubo 2140mm,Herramientas manuales,0
840,llave tubo 2150mm,Herramientas manuales,0
841,llave tubo 2160mm,Herramientas manuales,0
842,llave tubo 2170mm,Herramientas manuales,0
843,llave tubo 2180mm,Herramientas manuales,0
844,llave tubo 2190mm,Herramientas manuales,0
845,llave tubo 2200mm,Herramientas manuales,0
846,llave tubo 2210mm,Herramientas manuales,0
847,llave tubo 2220mm,Herramientas manuales,0
848,llave tubo 2230mm,Herramientas manuales,0
849,llave tubo 2240mm,Herramientas manuales,0
850,llave tubo 2250mm,Herramientas manuales,0
851,llave tubo 2260mm,Herramientas manuales,0
852,llave tubo 2270mm,Herramientas manuales,0
854,llave tubo 2280mm,Herramientas manuales,0
855,llave tubo 2290mm,Herramientas manuales,0
856,llave tubo 2300mm,Herramientas manuales,0
857,llave tubo 2310mm,Herramientas manuales,0
858,llave tubo 2320mm,Herramientas manuales,0
859,llave tubo 2330mm,Herramientas manuales,0
860,llave tubo 2340mm,Herramientas manuales,0
861,llave tubo 2350mm,Herramientas manuales,0
862,llave tubo 2360mm,Herramientas manuales,0
863,llave tubo 2370mm,Herramientas manuales,0
865,llave tubo 2380mm,Herramientas manuales,0
866,llave tubo 2390mm,Herramientas manuales,0
867,llave tubo 2400mm,Herramientas manuales,0
868,llave tubo 2410mm,Herramientas manuales,0
869,llave tubo 2420mm,Herramientas manuales,0
870,llave tubo 2430mm,Herramientas manuales,0
871,llave tubo 2440mm,Herramientas manuales,0
873,llave tubo 2450mm,Herramientas manuales,0
874,llave tubo 2460mm,Herramientas manuales,0
875,llave tubo 2470mm,Herramientas manuales,0
876,llave tubo 2480mm,Herramientas manuales,0
877,llave tubo 2490mm,Herramientas manuales,0
878,llave tubo 2500mm,Herramientas manuales,0
879,llave tubo 2510mm,Herramientas manuales,0
880,llave tubo 2520mm,Herramientas manuales,0
881,llave tubo 2530mm,Herramientas manuales,0
882,llave tubo 2540mm,Herramientas manuales,0
883,llave tubo 2550mm,Herramientas manuales,0
887,llave tubo 2560mm,Herramientas manuales,0
888,llave tubo 2570mm,Herramientas manuales,0
889,llave tubo 2580mm,Herramientas manuales,0
891,llave tubo 2590mm,Herramientas manuales,0
892,llave tubo 2600mm,Herramientas manuales,0
893,llave tubo 2610mm,Herramientas manuales,0
894,llave tubo 2620mm,Herramientas manuales,0
895,llave tubo 2630mm,Herramientas manuales,0
896,llave tubo 2640mm,Herramientas manuales,0
897,llave tubo 2650mm,Herramientas manuales,0
898,llave tubo 2660mm,Herramientas manuales,0
899,llave tubo 2670mm,Herramientas manuales,0
900,llave tubo 2680mm,Herramientas manuales,0
901,llave tubo 2690mm,Herramientas manuales,0
902,llave tubo 2700mm,Herramientas manuales,0
903,llave tubo 2710mm,Herramientas manuales,0
904,llave tubo 2720mm,Herramientas manuales,0
905,llave tubo 2730mm,Herramientas manuales,0
906,llave tubo 2740mm,Herramientas manuales,0
907,llave tubo 2750mm,Herramientas manuales,0
908,llave tubo 2760mm,Herramientas manuales,0
909,llave tubo 2770mm,Herramientas manuales,0
910,llave tubo 2780mm,Herramientas manuales,0
911,llave tubo 2790mm,Herramientas manuales,0
913,llave tubo 2800mm,Herramientas manuales,0
914,llave tubo 2810mm,Herramientas manuales,0
915,llave tubo 2820mm,Herramientas manuales,0
916,llave tubo 2830mm,Herramientas manuales,0
917,llave tubo 2840mm,Herramientas manuales,0
918,llave tubo 2850mm,Herramientas manuales,0
919,llave tubo 2860mm,Herramientas manuales,0
920,llave tubo 2870mm,Herramientas manuales,0
921,llave tubo 2880mm,Herramientas manuales,0
922,llave tubo 2890mm,Herramientas manuales,0
923,llave tubo 2900mm,Herramientas manuales,0
924,llave tubo 2910mm,Herramientas manuales,0
925,llave tubo 2920mm,Herramientas manuales,0
926,llave tubo 2930mm,Herramientas manuales,0
927,llave tubo 2940mm,Herramientas manuales,0
928,llave tubo 2950mm,Herramientas manuales,0
929,llave tubo 2960mm,Herramientas manuales,0
930,llave tubo 2970mm,Herramientas manuales,0
931,llave tubo 2980mm,Herramientas manuales,0
932,llave tubo 2990mm,Herramientas manuales,0
933,llave tubo 3000mm,Herramientas manuales,0
934,llave tubo 3010mm,Herramientas manuales,0
935,llave tubo 3020mm,Herramientas manuales,0
936,llave tubo 3030mm,Herramientas manuales,0
937,llave tubo 3040mm,Herramientas manuales,0
938,llave tubo 3050mm,Herramientas manuales,0
939,llave tubo 3060mm,Herramientas manuales,0
940,llave tubo 3070mm,Herramientas manuales,0
941,llave tubo 3080mm,Herramientas manuales,0
942,llave tubo 3090mm,Herramientas manuales,0
943,llave tubo 3100mm,Herramientas manuales,0
944,llave tubo 3110mm,Herramientas manuales,0
945,llave tubo 3120mm,Herramientas manuales,0
946,llave tubo 3130mm,Herramientas manuales,0
947,llave tubo 3140mm,Herramientas manuales,0
948,llave tubo 3150mm,Herramientas manuales,0
949,llave tubo 3160mm,Herramientas manuales,0
950,llave tubo 3170mm,Herramientas manuales,0
951,llave tubo 3180mm,Herramientas manuales,0
952,llave tubo 3190mm,Herramientas manuales,0
953,llave tubo 3200mm,Herramientas manuales,0
954,llave tubo 3210mm,Herramientas manuales,0
955,llave tubo 3220mm,Herramientas manuales,0
956,llave tubo 3230mm,Herramientas manuales,0
957,llave tubo 3240mm,Herramientas manuales,0
961,llave tubo 3250mm,Herramientas manuales,0
962,llave tubo 3260mm,Herramientas manuales,0
963,llave tubo 3270mm,Herramientas manuales,0
964,llave tubo 3280mm,Herramientas manuales,0
965,llave tubo 3290mm,Herramientas manuales,0
966,llave tubo 3300mm,Herramientas manuales,0
967,llave tubo 3310mm,Herramientas manuales,0
968,llave tubo 3320mm,Herramientas manuales,0
969,llave tubo 3330mm,Herramientas manuales,0
970,llave tubo 3340mm,Herramientas manuales,0
971,llave tubo 3350mm,Herramientas manuales,0
972,llave tubo 3360mm,Herramientas manuales,0
973,llave tubo 3370mm,Herramientas manuales,0
974,llave tubo 3380mm,Herramientas manuales,0
975,llave tubo 3390mm,Herramientas manuales,0
976,llave tubo 3400mm,Herramientas manuales,0
977,llave tubo 3410mm,Herramientas manuales,0
978,llave tubo 3420mm,Herramientas manuales,0
979,llave tubo 3430mm,Herramientas manuales,0
980,llave tubo 3440mm,Herramientas manuales,0
981,llave tubo 3450mm,Herramientas manuales,0
982,llave tubo 3460mm,Herramientas manuales,0
983,llave tubo 3470mm,Herramientas manuales,0
984,llave tubo 3480mm,Herramientas manuales,0
985,llave tubo 3490mm,Herramientas manuales,0
986,llave tubo 3500mm,Herramientas manuales,0
987,llave tubo 3510mm,Herramientas manuales,0
988,llave tubo 3520mm,Herramientas manuales,0
990,llave tubo 3530mm,Herramientas manuales,0
991,llave tubo 3540mm,Herramientas manuales,0
992,llave tubo 3550mm,Herramientas manuales,0
993,llave tubo 3560mm,Herramientas manuales,0
994,llave tubo 3570mm,Herramientas manuales,0
995,llave tubo 3580mm,Herramientas manuales,0
996,llave tubo 3590mm,Herramientas manuales,0
997,llave tubo 3600mm,Herramientas manuales,0
998,llave tubo 3610mm,Herramientas manuales,0
999,llave tubo 3620mm,Herramientas manuales,0
1000,llave tubo 3630mm,Herramientas manuales,0
1001,llave tubo 3640mm,Herramientas manuales,0
1002,llave tubo 3650mm,Herramientas manuales,0
1003,llave tubo 3660mm,Herramientas manuales,0
1004,llave tubo 3670mm,Herramientas manuales,0
1005,llave tubo 3680mm,Herramientas manuales,0
1006,llave tubo 3690mm,Herramientas manuales,0
1007,llave tubo 3700mm,Herramientas manuales,0
1008,llave tubo 3710mm,Herramientas manuales,0
1010,llave tubo 3720mm,Herramientas manuales,0
1012,llave tubo 3730mm,Herramientas manuales,0
1013,llave tubo 3740mm,Herramientas manuales,0
1014,llave tubo 3750mm,Herramientas manuales,0
1015,llave tubo 3760mm,Herramientas manuales,0
1016,llave tubo 3770mm,Herramientas manuales,0
1017,llave tubo 3780mm,Herramientas manuales,0
1018,llave tubo 3790mm,Herramientas manuales,0
1019,llave tubo 3800mm,Herramientas manuales,0
1020,llave tubo 3810mm,Herramientas manuales,0
1021,llave tubo 3820mm,Herramientas manuales,0
1022,llave tubo 3830mm,Herramientas manuales,0
1023,llave tubo 3840mm,Herramientas manuales,0
1024,llave tubo 3850mm,Herramientas manuales,0
1025,llave tubo 3860mm,Herramientas manuales,0
1026,llave tubo 3870mm,Herramientas manuales,0
1027,llave tubo 3880mm,Herramientas manuales,0
1028,llave tubo 3890mm,Herramientas manuales,0
1029,llave tubo 3900mm,Herramientas manuales,0
1030,llave tubo 3910mm,Herramientas manuales,0
1031,llave tubo 3920mm,Herramientas manuales,0
1032,llave tubo 3930mm,Herramientas manuales,0
1033,llave tubo 3940mm,Herramientas manuales,0
1034,llave tubo 3950mm,Herramientas manuales,0
1035,llave tubo 3960mm,Herramientas manuales,0
1036,llave tubo 3970mm,Herramientas manuales,0
1037,llave tubo 3980mm,Herramientas manuales,0
1038,llave tubo 3990mm,Herramientas manuales,0
1039,llave tubo 4000mm,Herramientas manuales,0
